{
    "N": 1,
    "K": 7,
    "M": 5,
    "userDistr": [[1, 1, 1, 1, 1, 1, 1]],
    "B": [[20000000.0, 20000000.0, 20000000.0, 20000000.0, 20000000.0]],
    "T": 0.1,
    "Pmin": 0.0012589254117941673,
    "Pmax": 6.30957344480193,
    "sigma": 3.9810717055349695e-15,
    "buffSize": 50,
    "g": [[3.407439883622251e-08, 3.864708091560096e-08, 3.45097907550978e-08, 3.4987816399269656e-08, 3.6056268352204255e-08, 3.369974329770342e-08, 3.320397976210434e-08]],
    "lamda": 10,
    "bits": 12000
}